pos,entropy,residue
0,2.70831680702206,M
1,2.75980129278283,G
2,2.7426585547571136,W
3,1.8706905527884599,S
4,4.8249775124485454,C
5,2.284117833096903,L
6,2.8324811315371567,V
7,3.1873709631078335,T
8,3.0622589957950215,G
9,2.3668868678104014,A
10,2.5763336948357094,G
11,3.0410893703321538,G
12,3.7218432277523017,L
13,2.4434767417510725,L
14,2.9916314001156614,G
15,2.5113452230256503,Q
16,2.7069429827460576,R
17,2.5945138297897787,I
18,2.207240172760224,V
19,1.822008237656502,R
20,2.1306688810853367,L
21,2.610448145887874,L
22,1.6649193427080204,V
23,2.196518073469797,E
24,2.9354693379089967,E
25,2.067780457439735,K
26,1.399172609640227,E
27,2.029806383582036,L
28,1.4963282785502527,K
29,3.104162782832364,E
30,2.4103330732681916,I
31,3.20505169281499,R
32,1.3440894690330714,A
33,2.3687170649093434,L
34,2.939295860144566,D
35,2.581845443987945,K
36,0.9952878083977906,A
37,2.7860105947523266,F
38,1.383693062955268,R
39,1.7006442376900557,P
40,1.970489763886321,E
41,0.8019249958378737,L
42,1.287683372478074,R
43,1.6752366372369114,E
44,1.312847327736692,E
45,2.5797165699887863,F
46,1.191091813375728,S
47,1.737646671470083,K
48,1.6893762660209144,L
49,2.142908185576886,Q
50,1.3865858490671685,N
51,1.9729207006179474,R
52,1.8891160630647386,T
53,1.9831132278938115,K
54,2.0258477312608307,L
55,1.7661506179394366,T
56,1.4954109658822836,V
57,1.9170581352108031,L
58,2.5481029345637234,E
59,3.079185936377447,G
60,3.3645136224062684,D
61,3.159904891440297,I
62,1.8562495431210209,L
63,3.2200402724779145,D
64,0.8594386840465894,E
65,1.450848235918932,P
66,2.504993451987626,F
67,2.281653979817583,L
68,1.8099382588403725,K
69,1.8088860057678442,R
70,2.5221147625027394,A
71,4.54112179825231,C
72,2.9327136812246497,Q
73,2.732487852472986,D
74,1.5592642772142156,V
75,2.186096625534874,S
76,1.599591373507275,V
77,2.796621386663511,V
78,2.847398500041298,I
79,4.377428445595051,H
80,2.4483353770490925,T
81,2.703647458865105,A
82,2.0068738864975826,C
83,1.6643207672108864,I
84,2.9983450992150713,I
85,3.31511611679622,D
86,1.7580820534475827,V
87,0.7139925837246869,F
88,1.9607206977929987,G
89,0.7402210701067284,V
90,1.5496036242554831,T
91,1.4633016899318254,H
92,1.8006407434833658,R
93,1.7270823700940554,E
94,1.326586542572924,S
95,1.9703511181616573,I
96,2.1349642887217017,M
97,1.4300881071613472,N
98,2.6871051545176803,V
99,3.649198196776893,N
100,2.0004291687508404,V
101,2.35274113818842,K
102,2.9215865737122204,G
103,3.5102230673164727,T
104,3.2550151550226114,Q
105,1.746214047304038,L
106,2.6868773245942066,L
107,2.7934386790626795,L
108,2.711998674355566,E
109,2.5429718371821397,A
110,5.2495387246496135,C
111,1.9422783389106388,V
112,2.489142109375046,Q
113,1.961102924407819,A
114,2.2118254396357515,S
115,3.2244782394392026,V
116,2.0583045563705933,P
117,1.1451024889436079,V
118,3.7681488197931747,F
119,3.3155471997214363,I
120,3.7005316223989997,Y
121,2.8785416879317878,T
122,3.1949291139852765,S
123,2.4527856393994423,S
124,2.100938905759259,I
125,2.2324253814869697,E
126,3.2948284731996087,V
127,2.026030789539271,A
128,3.2491900911124394,G
129,3.764847319596907,P
130,3.9483310143924606,N
131,2.1204878220184664,S
132,2.636679265881652,Y
133,2.0124940819955737,K
134,2.3958464334167133,E
135,2.0419204563685134,I
136,2.6831442921617334,I
137,1.4217830576903108,Q
138,3.320170729628882,N
139,2.551405662787516,G
140,2.138973693751245,H
141,3.4198812162525933,E
142,2.2810021353622054,E
143,1.8430092760072325,E
144,1.5389666398561535,P
145,2.572732175307291,L
146,2.3374741558932652,E
147,1.8341663732643547,N
148,1.4059843941425443,T
149,2.9164199110509905,W
150,1.5464706255578753,P
151,1.1914221437422259,T
152,2.3097347495254827,P
153,4.504274846014613,Y
154,2.1404920989831506,P
155,2.2246612096761553,Y
156,2.6553623354645928,S
157,3.7060825742537538,K
158,2.3059428612218023,K
159,1.9530924502208051,L
160,3.000438276686805,A
161,3.486865005312491,E
162,2.242293297011758,K
163,1.3744788406039319,A
164,2.795520977793958,V
165,2.893126988476,L
166,1.4375473315184069,A
167,2.837534873461046,A
168,2.82685568573138,N
169,3.223641465531226,G
170,1.7653829752619221,W
171,1.0296957906242814,N
172,2.793972646437962,L
173,2.4628157379588225,K
174,2.7821356558740225,N
175,3.3663991944492326,G
176,2.6657121521618103,D
177,2.046838243890122,T
178,2.5847223633617573,L
179,1.8167300046542625,Y
180,3.5723874956288557,T
181,5.422388951825915,C
182,2.6008100959783746,A
183,2.8894650892224214,L
184,3.6041840775389766,R
185,2.652922619083735,P
186,3.548589461119291,T
187,3.627458896030501,Y
188,3.6279822396177375,I
189,3.741885447804522,Y
190,3.4379191267482043,G
191,3.098497734577285,E
192,2.2904061086044694,G
193,2.7279766351994184,G
194,1.9820732879994911,P
195,2.954395217231226,F
196,2.053123383469562,L
197,1.3601520563778515,S
198,0.9472079864843755,A
199,1.6145931499851651,S
200,1.8394900200124769,I
201,1.0680699632693844,N
202,0.8738714192443682,E
203,2.1719803298228775,A
204,2.2707593159612807,L
205,1.3826081423097192,N
206,3.576277283594854,N
207,2.1379275804403064,N
208,1.9170605396048617,G
209,2.203066706033801,I
210,2.0168756847238565,L
211,0.36983185132388774,S
212,1.2574115494568583,S
213,1.173316483076641,V
214,1.7322830976752746,G
215,2.3807919965388593,K
216,2.210656811170292,F
217,2.096524374024685,S
218,0.88670150187259,T
219,2.302676293675896,V
220,3.6724147812696177,N
221,3.477858994249171,P
222,3.303106396233364,V
223,4.453397409300022,Y
224,3.247741856020555,V
225,2.799155071971382,G
226,4.0841229113240125,N
227,2.246137770593207,V
228,3.017249787994224,A
229,4.589103015529109,W
230,2.8609348020570975,A
231,4.817100187731346,H
232,2.297513714896822,I
233,2.412124334836649,L
234,2.760370981838324,A
235,1.508702651903842,L
236,2.875062538968092,R
237,1.862353677206912,A
238,2.7865893066125285,L
239,2.460067550797929,R
240,2.540458779531357,D
241,3.300212130959923,P
242,2.035163160546313,K
243,3.1793475421360533,K
244,1.607537102263162,A
245,1.4284814672129122,P
246,1.2027774590087732,S
247,2.5950716613969296,V
248,2.181471205110192,R
249,3.3763409573175145,G
250,2.5309781087600802,Q
251,3.8617083231043106,F
252,4.321466489969487,Y
253,3.985950579027776,Y
254,3.0069507504417983,I
255,2.4930301968016124,S
256,3.607494577827173,D
257,3.3141534428556687,D
258,3.3377647983748764,T
259,3.707732322848262,P
260,3.993579048822932,H
261,2.4991965679440042,Q
262,3.1327876385984945,S
263,4.356322482683353,Y
264,1.862049548426291,D
265,2.530097057214704,N
266,2.385781253677854,L
267,2.9579262870016465,N
268,3.4089837316705403,Y
269,1.2665115098644997,I
270,2.2197363663140584,L
271,1.707799507103576,S
272,2.4160789166784746,K
273,1.8511178366631427,E
274,2.9536744732297744,F
275,3.1843119991021167,G
276,2.7877460088644384,L
277,1.7962547320008173,R
278,1.7742957475194328,L
279,1.9831179246113149,D
280,1.7478543595487706,S
281,1.4910908168986403,R
282,1.9095870316975685,W
283,1.1709111348660464,S
284,1.9072577282922243,L
285,3.713673025698507,P
286,1.8626934283329584,L
287,1.1545963659283123,T
288,1.9385610851663817,L
289,1.5462922623958668,M
290,4.314855735941181,Y
291,3.324964295602172,W
292,1.73204576349885,I
293,1.769472066440726,G
294,2.907909346449036,F
295,2.365035156114806,L
296,2.4334087123545842,L
297,3.3405493875624073,E
298,1.6932758911860049,V
299,2.414814352345619,V
300,2.408650673715247,S
301,2.9069526914820756,F
302,2.2473664178959614,L
303,2.739096730005761,L
304,2.1476772714816765,S
305,3.724537870159303,P
306,2.302777234007417,I
307,2.3437739995444193,Y
308,1.742858945175852,S
309,3.4193347679258914,Y
310,1.1990610372084543,Q
311,3.685610104114932,P
312,2.2291140557420763,P
313,2.174425384733133,F
314,3.017309543149766,N
315,3.1088771147528673,R
316,3.3809089457355426,H
317,1.917945424957006,T
318,2.1619458397659215,V
319,2.855793449705935,T
320,2.132275996916912,L
321,1.5144104752618297,S
322,3.409652788720274,N
323,2.323862242316829,S
324,1.7280101134341432,V
325,3.826830700120646,F
326,2.881780209477924,T
327,3.430079842936613,F
328,2.67687481641138,S
329,4.142228334706407,Y
330,2.137083487824378,K
331,3.456483003357861,K
332,2.965518961698676,A
333,3.016789010525272,Q
334,2.2626751179175457,R
335,3.1395522910765674,D
336,2.2876814322816075,L
337,2.72652501100571,A
338,4.414478319045565,Y
339,1.2964649815460145,K
340,3.5978115123130254,P
341,1.7119017651966366,L
342,2.686107533857737,Y
343,1.9677815706682051,S
344,5.537656338667459,W
345,2.990770104798248,E
346,2.8772398272576813,E
347,2.7760054385706017,A
348,2.5533001960697534,K
349,2.466759433160488,Q
350,1.9102957723303875,K
351,3.4284534399145494,T
352,0.988748135310415,V
353,2.0350977158440813,E
354,5.406930503670589,W
355,2.178838663740809,V
356,1.7302228967964663,G
357,2.3249340938047545,S
358,1.526390846469076,L
359,2.040949194776488,V
360,1.3931753401768345,D
361,2.013617413448881,R
362,2.7663561503507186,H
363,2.265976161140007,K
364,1.693217135515328,E
365,1.2096787286640098,T
366,1.8587769152597098,L
367,1.7651681798379244,K
368,1.2855201814306356,S
369,2.8156546439637653,K
370,1.400395292602487,T
371,1.628547695403573,Q
